"product_key","product_name","category","subcategory","product_line","maintenance","cost","product_segment","first_sale_date","last_sale_date","lifespan","recency","total_orders","total_sales","total_quantity","total_customers","orders_with_bike","avg_selling_price","avg_order_revenue","avg_monthly_revenue","pct_orders_with_bike"
3,"Mountain-100 Black- 38","Bikes","Mountain Bikes","Mountain","Yes",1898,"High-Performer","2011-01-25","2011-12-27",11,25,49,165375,49,49,49,3375.00,3375.00,15034.09,NULL
4,"Mountain-100 Black- 42","Bikes","Mountain Bikes","Mountain","Yes",1898,"High-Performer","2011-01-26","2011-12-27",11,25,45,151875,45,45,45,3375.00,3375.00,13806.82,NULL
5,"Mountain-100 Black- 44","Bikes","Mountain Bikes","Mountain","Yes",1898,"High-Performer","2011-01-06","2011-12-21",11,25,60,202500,60,60,60,3375.00,3375.00,18409.09,NULL
6,"Mountain-100 Black- 48","Bikes","Mountain Bikes","Mountain","Yes",1898,"High-Performer","2010-12-30","2011-12-26",11,25,57,192375,57,57,57,3375.00,3375.00,17488.64,NULL
7,"Mountain-100 Silver- 38","Bikes","Mountain Bikes","Mountain","Yes",1912,"High-Performer","2010-12-30","2011-12-22",11,25,58,197200,58,58,58,3400.00,3400.00,17927.27,NULL
8,"Mountain-100 Silver- 42","Bikes","Mountain Bikes","Mountain","Yes",1912,"High-Performer","2011-01-17","2011-12-28",11,25,42,142800,42,42,42,3400.00,3400.00,12981.82,NULL
9,"Mountain-100 Silver- 44","Bikes","Mountain Bikes","Mountain","Yes",1912,"High-Performer","2010-12-29","2011-12-12",11,25,49,166600,49,49,49,3400.00,3400.00,15145.45,NULL
10,"Mountain-100 Silver- 48","Bikes","Mountain Bikes","Mountain","Yes",1912,"High-Performer","2011-01-09","2011-12-23",11,25,36,122400,36,36,36,3400.00,3400.00,11127.27,NULL
16,"Road-150 Red- 44","Bikes","Road Bikes","Road","Yes",2171,"High-Performer","2010-12-30","2011-12-28",11,25,281,1005418,281,281,281,3578.00,3578.00,91401.64,NULL
17,"Road-150 Red- 48","Bikes","Road Bikes","Road","Yes",2171,"High-Performer","2010-12-31","2011-12-28",11,25,337,1205786,337,337,337,3578.00,3578.00,109616.91,NULL
18,"Road-150 Red- 52","Bikes","Road Bikes","Road","Yes",2171,"High-Performer","2010-12-31","2011-12-27",11,25,302,1080556,302,302,302,3578.00,3578.00,98232.36,NULL
19,"Road-150 Red- 56","Bikes","Road Bikes","Road","Yes",2171,"High-Performer","2010-12-31","2011-12-27",11,25,295,1055510,295,295,295,3578.00,3578.00,95955.45,NULL
20,"Road-150 Red- 62","Bikes","Road Bikes","Road","Yes",2171,"High-Performer","2010-12-29","2011-12-28",11,25,336,1202208,336,336,336,3578.00,3578.00,109291.64,NULL
36,"Road-650 Black- 44","Bikes","Road Bikes","Road","Yes",487,"Mid-Range","2011-01-25","2012-12-26",23,13,63,47565,63,63,63,755.00,755.00,2068.04,NULL
37,"Road-650 Black- 48","Bikes","Road Bikes","Road","Yes",487,"Mid-Range","2011-03-26","2012-12-25",20,13,60,45552,60,60,60,759.20,759.20,2277.60,NULL
38,"Road-650 Black- 52","Bikes","Road Bikes","Road","Yes",487,"High-Performer","2011-01-20","2012-12-19",22,13,89,66915,89,89,89,751.85,751.85,3041.59,NULL
39,"Road-650 Black- 58","Bikes","Road Bikes","Road","Yes",487,"High-Performer","2011-01-04","2012-12-18",23,13,76,57996,76,76,76,763.11,763.11,2521.57,NULL
40,"Road-650 Black- 60","Bikes","Road Bikes","Road","Yes",487,"High-Performer","2011-02-02","2012-12-12",22,13,76,57156,76,76,76,752.05,752.05,2598.00,NULL
41,"Road-650 Black- 62","Bikes","Road Bikes","Road","Yes",487,"Mid-Range","2010-12-29","2012-12-18",23,13,65,49047,65,65,65,754.57,754.57,2132.48,NULL
42,"Road-650 Red- 44","Bikes","Road Bikes","Road","Yes",487,"High-Performer","2011-01-17","2012-12-25",23,13,72,54528,72,72,72,757.33,757.33,2370.78,NULL
43,"Road-650 Red- 48","Bikes","Road Bikes","Road","Yes",487,"High-Performer","2011-01-22","2012-12-27",23,13,88,66720,88,88,88,758.18,758.18,2900.87,NULL
44,"Road-650 Red- 52","Bikes","Road Bikes","Road","Yes",487,"Mid-Range","2010-12-31","2012-12-21",23,13,61,46083,61,61,61,755.46,755.46,2003.61,NULL
45,"Road-650 Red- 58","Bikes","Road Bikes","Road","Yes",487,"High-Performer","2011-02-16","2012-12-18",22,13,74,56346,74,74,74,761.43,761.43,2561.18,NULL
46,"Road-650 Red- 60","Bikes","Road Bikes","Road","Yes",487,"Mid-Range","2011-01-31","2012-12-23",22,13,53,40071,53,53,53,756.06,756.06,1821.41,NULL
47,"Road-650 Red- 62","Bikes","Road Bikes","Road","Yes",487,"High-Performer","2011-01-27","2012-12-05",22,13,75,57381,75,75,75,765.08,765.08,2608.23,NULL
48,"Road-250 Red- 44","Bikes","Road Bikes","Road","Yes",1519,"High-Performer","2011-12-31","2012-12-25",11,13,144,351792,144,144,144,2443.00,2443.00,31981.09,NULL
49,"Road-250 Red- 48","Bikes","Road Bikes","Road","Yes",1519,"High-Performer","2011-12-31","2012-12-24",11,13,162,395766,162,162,162,2443.00,2443.00,35978.73,NULL
50,"Road-250 Red- 52","Bikes","Road Bikes","Road","Yes",1519,"High-Performer","2011-12-31","2012-12-25",11,13,133,324919,133,133,133,2443.00,2443.00,29538.09,NULL
104,"Mountain Bottle Cage","Accessories","Bottles and Cages","Mountain","No",4,"Mid-Range","2012-12-28","2014-01-28",13,0,2025,20340,2034,2004,941,10.00,10.04,1564.62,46.5
105,"Road Bottle Cage","Accessories","Bottles and Cages","Road","No",3,"Mid-Range","2012-12-28","2014-01-25",12,0,1711,15399,1711,1699,1542,9.00,9.00,1283.25,90.1
106,"Mountain-500 Black- 40","Bikes","Mountain Bikes","Mountain","Yes",295,"Mid-Range","2012-12-30","2013-12-13",11,1,48,25920,48,48,48,540.00,540.00,2356.36,NULL
107,"Mountain-500 Black- 42","Bikes","Mountain Bikes","Mountain","Yes",295,"Mid-Range","2013-01-09","2013-12-25",11,1,49,26460,49,49,49,540.00,540.00,2405.45,NULL
108,"Mountain-500 Black- 44","Bikes","Mountain Bikes","Mountain","Yes",295,"Mid-Range","2013-01-05","2013-12-25",11,1,58,31320,58,58,58,540.00,540.00,2847.27,NULL
109,"Mountain-500 Black- 48","Bikes","Mountain Bikes","Mountain","Yes",295,"Mid-Range","2013-01-05","2013-12-26",11,1,56,30240,56,56,56,540.00,540.00,2749.09,NULL
110,"Mountain-500 Black- 52","Bikes","Mountain Bikes","Mountain","Yes",295,"Mid-Range","2013-01-11","2013-12-24",11,1,41,22140,41,41,41,540.00,540.00,2012.73,NULL
111,"Mountain-500 Silver- 40","Bikes","Mountain Bikes","Mountain","Yes",308,"Mid-Range","2013-01-04","2013-12-26",11,1,45,25425,45,45,45,565.00,565.00,2311.36,NULL
112,"Mountain-500 Silver- 42","Bikes","Mountain Bikes","Mountain","Yes",308,"Mid-Range","2013-01-01","2013-12-27",11,1,45,25425,45,45,45,565.00,565.00,2311.36,NULL
113,"Mountain-500 Silver- 44","Bikes","Mountain Bikes","Mountain","Yes",308,"Mid-Range","2012-12-30","2013-12-25",11,1,39,22035,39,39,39,565.00,565.00,2003.18,NULL
114,"Mountain-500 Silver- 48","Bikes","Mountain Bikes","Mountain","Yes",308,"Mid-Range","2013-01-16","2013-12-27",11,1,50,28250,50,50,50,565.00,565.00,2568.18,NULL
115,"Mountain-500 Silver- 52","Bikes","Mountain Bikes","Mountain","Yes",308,"Mid-Range","2013-01-16","2013-12-25",11,1,48,27120,48,48,48,565.00,565.00,2465.45,NULL
116,"Mountain-400-W Silver- 38","Bikes","Mountain Bikes","Mountain","Yes",420,"High-Performer","2013-01-05","2013-12-27",11,1,148,113812,148,148,148,769.00,769.00,10346.55,NULL
117,"Mountain-400-W Silver- 40","Bikes","Mountain Bikes","Mountain","Yes",420,"High-Performer","2012-12-29","2013-12-24",11,1,128,98432,128,128,128,769.00,769.00,8948.36,NULL
118,"Mountain-400-W Silver- 42","Bikes","Mountain Bikes","Mountain","Yes",420,"High-Performer","2013-01-07","2013-12-27",11,1,129,99201,129,129,129,769.00,769.00,9018.27,NULL
119,"Mountain-400-W Silver- 46","Bikes","Mountain Bikes","Mountain","Yes",420,"High-Performer","2013-01-08","2013-12-24",11,1,138,106122,138,138,138,769.00,769.00,9647.45,NULL
120,"Mountain-200 Black- 38","Bikes","Mountain Bikes","Mountain","Yes",1252,"High-Performer","2011-12-29","2013-12-28",23,1,581,1292559,581,564,581,2224.71,2224.71,56198.22,NULL
121,"Mountain-200 Black- 42","Bikes","Mountain Bikes","Mountain","Yes",1252,"High-Performer","2012-01-02","2013-12-28",23,1,614,1363128,614,604,614,2220.08,2220.08,59266.43,NULL
122,"Mountain-200 Black- 46","Bikes","Mountain Bikes","Mountain","Yes",1252,"High-Performer","2011-12-29","2013-12-27",23,1,620,1373454,620,600,620,2215.25,2215.25,59715.39,NULL
123,"Mountain-200 Silver- 38","Bikes","Mountain Bikes","Mountain","Yes",1266,"High-Performer","2012-01-01","2013-12-28",23,1,596,1339394,596,583,596,2247.31,2247.31,58234.52,NULL
124,"Mountain-200 Silver- 42","Bikes","Mountain Bikes","Mountain","Yes",1266,"High-Performer","2011-12-29","2013-12-28",23,1,560,1257368,560,547,560,2245.30,2245.30,54668.17,NULL
125,"Mountain-200 Silver- 46","Bikes","Mountain Bikes","Mountain","Yes",1266,"High-Performer","2012-01-02","2013-12-28",23,1,579,1298709,579,566,579,2243.02,2243.02,56465.61,NULL
126,"Road-750 Black- 44","Bikes","Road Bikes","Road","Yes",344,"High-Performer","2012-12-29","2013-12-28",11,1,360,194400,360,360,360,540.00,540.00,17672.73,NULL
127,"Road-750 Black- 48","Bikes","Road Bikes","Road","Yes",344,"High-Performer","2012-12-30","2013-12-28",11,1,363,196020,363,363,363,540.00,540.00,17820.00,NULL
128,"Road-750 Black- 52","Bikes","Road Bikes","Road","Yes",344,"High-Performer","2012-12-28","2013-12-28",12,1,386,208440,386,386,386,540.00,540.00,17370.00,NULL
129,"Road-750 Black- 58","Bikes","Road Bikes","Road","Yes",344,"High-Performer","2012-12-30","2013-12-28",11,1,334,180360,334,334,334,540.00,540.00,16396.36,NULL
130,"Road-550-W Yellow- 38","Bikes","Road Bikes","Road","Yes",713,"High-Performer","2011-12-30","2013-12-26",23,1,270,293760,270,267,270,1088.00,1088.00,12772.17,NULL
131,"Road-550-W Yellow- 40","Bikes","Road Bikes","Road","Yes",713,"High-Performer","2012-01-07","2013-12-28",23,1,266,289880,266,264,266,1089.77,1089.77,12603.48,NULL
132,"Road-550-W Yellow- 42","Bikes","Road Bikes","Road","Yes",713,"High-Performer","2011-12-29","2013-12-26",23,1,306,334440,306,303,306,1092.94,1092.94,14540.87,NULL
133,"Road-550-W Yellow- 44","Bikes","Road Bikes","Road","Yes",713,"High-Performer","2012-01-02","2013-12-27",23,1,287,312200,287,286,287,1087.80,1087.80,13573.91,NULL
134,"Road-550-W Yellow- 48","Bikes","Road Bikes","Road","Yes",713,"High-Performer","2012-02-07","2013-12-27",22,1,261,283680,261,258,261,1086.90,1086.90,12894.55,NULL
135,"Road-350-W Yellow- 40","Bikes","Road Bikes","Road","Yes",1083,"High-Performer","2012-12-29","2013-12-27",11,1,246,418446,246,246,246,1701.00,1701.00,38040.55,NULL
136,"Road-350-W Yellow- 42","Bikes","Road Bikes","Road","Yes",1083,"High-Performer","2012-12-28","2013-12-27",11,1,235,399735,235,235,235,1701.00,1701.00,36339.55,NULL
137,"Road-350-W Yellow- 44","Bikes","Road Bikes","Road","Yes",1083,"High-Performer","2013-01-03","2013-12-27",11,1,216,367416,216,216,216,1701.00,1701.00,33401.45,NULL
138,"Road-350-W Yellow- 48","Bikes","Road Bikes","Road","Yes",1083,"High-Performer","2012-12-31","2013-12-25",11,1,232,394632,232,232,232,1701.00,1701.00,35875.64,NULL
139,"Road-250 Black- 44","Bikes","Road Bikes","Road","Yes",1555,"High-Performer","2011-12-29","2013-12-27",23,1,271,628384,271,266,271,2318.76,2318.76,27321.04,NULL
140,"Road-250 Black- 48","Bikes","Road Bikes","Road","Yes",1555,"High-Performer","2012-01-01","2013-12-28",23,1,298,691213,298,289,298,2319.51,2319.51,30052.74,NULL
141,"Road-250 Black- 52","Bikes","Road Bikes","Road","Yes",1555,"High-Performer","2011-12-30","2013-12-25",23,1,319,734425,319,312,319,2302.27,2302.27,31931.52,NULL
142,"Road-250 Black- 58","Bikes","Road Bikes","Road","Yes",1555,"High-Performer","2011-12-31","2013-12-26",23,1,270,622026,270,265,270,2303.80,2303.80,27044.61,NULL
143,"Road-250 Red- 58","Bikes","Road Bikes","Road","Yes",1555,"High-Performer","2011-12-29","2013-12-27",23,1,306,702666,306,301,306,2296.29,2296.29,30550.70,NULL
144,"Touring-3000 Blue- 44","Bikes","Touring Bikes","Touring","Yes",461,"Mid-Range","2013-01-11","2013-12-28",11,1,53,39326,53,53,53,742.00,742.00,3575.09,NULL
145,"Touring-3000 Blue- 50","Bikes","Touring Bikes","Touring","Yes",461,"Mid-Range","2013-01-09","2013-12-23",11,1,48,35616,48,48,48,742.00,742.00,3237.82,NULL
146,"Touring-3000 Blue- 54","Bikes","Touring Bikes","Touring","Yes",461,"Mid-Range","2012-12-30","2013-12-17",11,1,55,40810,55,55,55,742.00,742.00,3710.00,NULL
147,"Touring-3000 Blue- 58","Bikes","Touring Bikes","Touring","Yes",461,"Mid-Range","2013-01-10","2013-12-27",11,1,57,42294,57,57,57,742.00,742.00,3844.91,NULL
148,"Touring-3000 Blue- 62","Bikes","Touring Bikes","Touring","Yes",461,"Mid-Range","2013-01-31","2013-12-23",10,1,64,47488,64,64,64,742.00,742.00,4748.80,NULL
149,"Touring-3000 Yellow- 44","Bikes","Touring Bikes","Touring","Yes",461,"Mid-Range","2013-01-30","2013-12-28",10,1,59,43778,59,59,59,742.00,742.00,4377.80,NULL
150,"Touring-3000 Yellow- 50","Bikes","Touring Bikes","Touring","Yes",461,"Mid-Range","2013-01-03","2013-12-27",11,1,59,43778,59,59,59,742.00,742.00,3979.82,NULL
151,"Touring-3000 Yellow- 54","Bikes","Touring Bikes","Touring","Yes",461,"Mid-Range","2013-01-29","2013-12-09",10,1,48,35616,48,48,48,742.00,742.00,3561.60,NULL
152,"Touring-3000 Yellow- 58","Bikes","Touring Bikes","Touring","Yes",461,"Mid-Range","2012-12-28","2013-12-27",11,1,47,34874,47,47,47,742.00,742.00,3170.36,NULL
153,"Touring-3000 Yellow- 62","Bikes","Touring Bikes","Touring","Yes",461,"Mid-Range","2013-01-20","2013-12-26",11,1,50,37100,50,50,50,742.00,742.00,3372.73,NULL
154,"Touring-2000 Blue- 46","Bikes","Touring Bikes","Touring","Yes",755,"High-Performer","2012-12-28","2013-12-27",11,1,97,117855,97,97,97,1215.00,1215.00,10714.09,NULL
155,"Touring-2000 Blue- 50","Bikes","Touring Bikes","Touring","Yes",755,"High-Performer","2012-12-29","2013-12-27",11,1,106,128790,106,106,106,1215.00,1215.00,11708.18,NULL
156,"Touring-2000 Blue- 54","Bikes","Touring Bikes","Touring","Yes",755,"High-Performer","2013-01-07","2013-12-28",11,1,88,106920,88,88,88,1215.00,1215.00,9720.00,NULL
157,"Touring-2000 Blue- 60","Bikes","Touring Bikes","Touring","Yes",755,"High-Performer","2012-12-30","2013-12-28",11,1,81,98415,81,81,81,1215.00,1215.00,8946.82,NULL
158,"Touring-1000 Blue- 46","Bikes","Touring Bikes","Touring","Yes",1482,"High-Performer","2012-12-28","2013-12-23",11,1,177,421968,177,177,177,2384.00,2384.00,38360.73,NULL
159,"Touring-1000 Blue- 50","Bikes","Touring Bikes","Touring","Yes",1482,"High-Performer","2012-12-31","2013-12-28",11,1,150,357600,150,150,150,2384.00,2384.00,32509.09,NULL
160,"Touring-1000 Blue- 54","Bikes","Touring Bikes","Touring","Yes",1482,"High-Performer","2013-01-01","2013-12-27",11,1,160,381440,160,160,160,2384.00,2384.00,34676.36,NULL
161,"Touring-1000 Blue- 60","Bikes","Touring Bikes","Touring","Yes",1482,"High-Performer","2012-12-30","2013-12-27",11,1,147,350448,147,147,147,2384.00,2384.00,31858.91,NULL
162,"Touring-1000 Yellow- 46","Bikes","Touring Bikes","Touring","Yes",1482,"High-Performer","2013-01-05","2013-12-28",11,1,172,410048,172,170,172,2384.00,2384.00,37277.09,NULL
163,"Touring-1000 Yellow- 50","Bikes","Touring Bikes","Touring","Yes",1482,"High-Performer","2012-12-31","2013-12-23",11,1,151,359984,151,150,151,2384.00,2384.00,32725.82,NULL
164,"Touring-1000 Yellow- 54","Bikes","Touring Bikes","Touring","Yes",1482,"High-Performer","2013-01-23","2013-12-27",11,1,158,376672,158,158,158,2384.00,2384.00,34242.91,NULL
165,"Touring-1000 Yellow- 60","Bikes","Touring Bikes","Touring","Yes",1482,"High-Performer","2013-01-02","2013-12-23",11,1,140,333760,140,140,140,2384.00,2384.00,30341.82,NULL
166,"AWC Logo Cap","Clothing","Caps","other Sales","No",7,"Mid-Range","2012-12-29","2014-01-28",12,0,2190,19710,2190,2132,1048,9.00,9.00,1642.50,47.9
168,"Bike Wash - Dissolver","Accessories","Cleaners","other Sales","Yes",3,"Low-Performer","2013-01-01","2014-01-28",12,0,908,7272,909,875,320,8.00,8.01,606.00,35.2
174,"Fender Set - Mountain","Accessories","Fenders","Mountain","No",8,"Mid-Range","2012-12-29","2014-01-28",12,0,2121,46662,2121,2110,898,22.00,22.00,3888.50,42.3
233,"Half-Finger Gloves- L","Clothing","Gloves","other Sales","No",9,"Mid-Range","2012-12-29","2014-01-28",12,0,443,10632,443,437,190,24.00,24.00,886.00,42.9
234,"Half-Finger Gloves- M","Clothing","Gloves","other Sales","No",9,"Mid-Range","2012-12-30","2014-01-28",12,0,499,11976,499,488,187,24.00,24.00,998.00,37.5
235,"Half-Finger Gloves- S","Clothing","Gloves","other Sales","No",9,"Mid-Range","2012-12-30","2014-01-25",12,0,487,11688,487,478,218,24.00,24.00,974.00,44.8
244,"Sport-100 Helmet- Black","Accessories","Helmets","other Sales","Yes",13,"High-Performer","2012-12-28","2014-01-28",13,0,2085,72975,2085,2024,999,35.00,35.00,5613.46,47.9
245,"Sport-100 Helmet- Blue","Accessories","Helmets","other Sales","Yes",13,"High-Performer","2012-12-28","2014-01-28",13,0,2124,74375,2125,2049,1058,35.00,35.02,5721.15,49.8
246,"Sport-100 Helmet- Red","Accessories","Helmets","other Sales","Yes",13,"High-Performer","2012-12-28","2014-01-28",13,0,2230,78050,2230,2147,1121,35.00,35.00,6003.85,50.3
247,"Hydration Pack - 70 oz.","Accessories","Hydration Packs","other Sales","No",21,"Mid-Range","2012-12-31","2014-01-28",12,0,733,40315,733,719,334,55.00,55.00,3359.58,45.6
248,"Long-Sleeve Logo Jersey- L","Clothing","Jerseys","other Sales","No",38,"Mid-Range","2012-12-28","2014-01-28",13,0,452,22650,453,449,195,50.00,50.11,1742.31,43.1
249,"Long-Sleeve Logo Jersey- M","Clothing","Jerseys","other Sales","No",38,"Mid-Range","2012-12-28","2014-01-28",13,0,442,22100,442,436,190,50.00,50.00,1700.00,43.0
250,"Long-Sleeve Logo Jersey- S","Clothing","Jerseys","other Sales","No",38,"Mid-Range","2013-01-02","2014-01-28",12,0,429,21450,429,426,163,50.00,50.00,1787.50,38.0
251,"Long-Sleeve Logo Jersey- XL","Clothing","Jerseys","other Sales","No",38,"Mid-Range","2013-01-07","2014-01-28",12,0,413,20700,414,409,171,50.00,50.12,1725.00,41.4
259,"Patch Kit/8 Patches","Accessories","Tires and Tubes","other Sales","Yes",1,"Low-Performer","2012-12-30","2014-01-28",12,0,3189,6378,3189,2948,806,2.00,2.00,531.50,25.3
260,"Hitch Rack - 4-Bike","Accessories","Bike Racks","other Sales","Yes",45,"Mid-Range","2013-01-09","2014-01-28",12,0,327,39240,327,324,114,120.00,120.00,3270.00,34.9
272,"Women's Mountain Shorts- L","Clothing","Shorts","Mountain","No",26,"Mid-Range","2013-01-11","2014-01-28",12,0,363,25410,363,363,66,70.00,70.00,2117.50,18.2
273,"Women's Mountain Shorts- M","Clothing","Shorts","Mountain","No",26,"Mid-Range","2013-01-10","2014-01-26",12,0,352,24640,352,352,55,70.00,70.00,2053.33,15.6
274,"Women's Mountain Shorts- S","Clothing","Shorts","Mountain","No",26,"Mid-Range","2013-01-17","2014-01-28",12,0,304,21280,304,304,49,70.00,70.00,1773.33,16.1
275,"Short-Sleeve Classic Jersey- L","Clothing","Jerseys","other Sales","No",42,"Mid-Range","2012-12-30","2014-01-26",12,0,374,20196,374,372,209,54.00,54.00,1683.00,55.9
276,"Short-Sleeve Classic Jersey- M","Clothing","Jerseys","other Sales","No",42,"Mid-Range","2012-12-29","2014-01-27",12,0,407,21978,407,404,212,54.00,54.00,1831.50,52.1
277,"Short-Sleeve Classic Jersey- S","Clothing","Jerseys","other Sales","No",42,"Mid-Range","2012-12-30","2014-01-28",12,0,406,21924,406,402,222,54.00,54.00,1827.00,54.7
278,"Short-Sleeve Classic Jersey- XL","Clothing","Jerseys","other Sales","No",42,"Mid-Range","2013-01-02","2014-01-28",12,0,409,22086,409,405,216,54.00,54.00,1840.50,52.8
279,"Racing Socks- L","Clothing","Socks","Road","No",3,"Low-Performer","2012-12-30","2014-01-27",12,0,270,2430,270,269,110,9.00,9.00,202.50,40.7
280,"Racing Socks- M","Clothing","Socks","Road","No",3,"Low-Performer","2013-01-07","2014-01-28",12,0,298,2682,298,295,131,9.00,9.00,223.50,44.0
281,"All-Purpose Bike Stand","Accessories","Bike Stands","Mountain","No",59,"Mid-Range","2012-12-28","2014-01-28",13,0,249,39591,249,243,68,159.00,159.00,3045.46,27.3
282,"LL Mountain Tire","Accessories","Tires and Tubes","Mountain","Yes",9,"Mid-Range","2013-01-01","2014-01-28",12,0,860,21550,862,828,96,25.00,25.06,1795.83,11.2
283,"ML Mountain Tire","Accessories","Tires and Tubes","Mountain","Yes",11,"Mid-Range","2012-12-29","2014-01-28",12,0,1160,34800,1160,1160,114,30.00,30.00,2900.00,9.8
284,"HL Mountain Tire","Accessories","Tires and Tubes","Mountain","Yes",13,"Mid-Range","2012-12-28","2014-01-28",13,0,1395,48860,1396,1395,499,35.00,35.03,3758.46,35.8
285,"LL Road Tire","Accessories","Tires and Tubes","Road","Yes",8,"Mid-Range","2012-12-28","2014-01-28",13,0,1043,21903,1043,1029,335,21.00,21.00,1684.85,32.1
286,"ML Road Tire","Accessories","Tires and Tubes","Road","Yes",9,"Mid-Range","2012-12-29","2014-01-28",12,0,925,23125,925,890,337,25.00,25.00,1927.08,36.4
287,"HL Road Tire","Accessories","Tires and Tubes","Road","Yes",12,"Mid-Range","2012-12-28","2014-01-28",13,0,858,28314,858,820,209,33.00,33.00,2178.00,24.4
288,"Touring Tire","Accessories","Tires and Tubes","Touring","Yes",11,"Mid-Range","2012-12-28","2014-01-25",12,0,935,27115,935,920,289,29.00,29.00,2259.58,30.9
289,"Mountain Tire Tube","Accessories","Tires and Tubes","Mountain","Yes",2,"Mid-Range","2012-12-28","2014-01-28",13,0,3092,15465,3093,2958,470,5.00,5.00,1189.62,15.2
290,"Road Tire Tube","Accessories","Tires and Tubes","Road","Yes",1,"Low-Performer","2012-12-28","2014-01-28",13,0,2375,9500,2375,2225,566,4.00,4.00,730.77,23.8
291,"Touring Tire Tube","Accessories","Tires and Tubes","Touring","Yes",2,"Low-Performer","2012-12-28","2014-01-28",13,0,1487,7435,1487,1410,248,5.00,5.00,571.92,16.7
292,"Classic Vest- L","Clothing","Vests","other Sales","No",24,"Mid-Range","2013-01-02","2014-01-28",12,0,195,12480,195,195,78,64.00,64.00,1040.00,40.0
293,"Classic Vest- M","Clothing","Vests","other Sales","No",24,"Mid-Range","2013-01-03","2014-01-27",12,0,199,12736,199,199,87,64.00,64.00,1061.33,43.7
294,"Classic Vest- S","Clothing","Vests","other Sales","No",24,"Mid-Range","2012-12-31","2014-01-28",12,0,168,10944,171,168,77,64.00,65.14,912.00,45.8
295,"Water Bottle - 30 oz.","Accessories","Bottles and Cages","other Sales","No",2,"Mid-Range","2012-12-28","2014-01-28",13,0,4244,21245,4249,4073,2137,5.00,5.01,1634.23,50.4
